{
  "id": "moddimerda",
  "name": "moddimerda",
  "display_name": "vighitomod",
  "author": ["vighito"],
  "description": "mod made by me with my friends, its slightly balanced but some jokers are overpowered and others underpowered; didnt care",
  "prefix": "sj",
  "prefixcomment":"ABOVE PREFIX IS ADDED TO E.G. LOCALIZATION!",
  "main_file": "moddimerda.lua",
  "priority": 0,
  "badge_colour": "1de619",
  "badge_text_colour": "",
  "version": "0.0.1",
  "dependencies": ["Steamodded (>=1.0.0~BETA-0614a)"]
}